{
  "Prompt Before Closing 2": false,
  "Selected Text Color": {
    "Green Component": 1,
    "Blue Component": 1,
    "Red Component": 1
  },
  "Rows": 40,
  "Ansi 11 Color": {
    "Green Component": 0.98039215686274506,
    "Blue Component": 0.5490196078431373,
    "Red Component": 0.94509803921568625
  },
  "Use Italic Font": true,
  "Foreground Color": {
    "Green Component": 0.90032327175140381,
    "Blue Component": 0.90032327175140381,
    "Red Component": 0.90032327175140381
  },
  "Right Option Key Sends": 0,
  "Character Encoding": 4,
  "Selection Color": {
    "Green Component": 0.27843138575553894,
    "Blue Component": 0.35294118523597717,
    "Red Component": 0.26666668057441711
  },
  "Mouse Reporting": true,
  "Ansi 4 Color": {
    "Green Component": 0.57647058823529407,
    "Blue Component": 0.97647058823529409,
    "Red Component": 0.74117647058823533
  },
  "Non-ASCII Anti Aliased": true,
  "Sync Title": false,
  "Disable Window Resizing": true,
  "Description": "Default",
  "Close Sessions On End": true,
  "Jobs to Ignore": ["rlogin", "ssh", "slogin", "telnet"],
  "Scrollback Lines": 100000,
  "Flashing Bell": false,
  "Cursor Guide Color": {
    "Red Component": 0.70213186740875244,
    "Color Space": "sRGB",
    "Blue Component": 1,
    "Alpha Component": 0.25,
    "Green Component": 0.9268307089805603
  },
  "BM Growl": true,
  "AWDS Window Directory": "",
  "Ansi 3 Color": {
    "Green Component": 0.98039215686274506,
    "Blue Component": 0.5490196078431373,
    "Red Component": 0.94509803921568625
  },
  "Use Non-ASCII Font": false,
  "Link Color": {
    "Red Component": 0,
    "Color Space": "sRGB",
    "Blue Component": 0.73423302173614502,
    "Alpha Component": 1,
    "Green Component": 0.35916060209274292
  },
  "Shortcut": "",
  "Background Image Location": "",
  "Bold Color": {
    "Green Component": 0.90237069129943848,
    "Blue Component": 0.90237069129943848,
    "Red Component": 0.90237069129943848
  },
  "Unlimited Scrollback": false,
  "Custom Command": "Custom Shell",
  "AWDS Tab Option": "Recycle",
  "Keyboard Map": {},
  "Ansi 14 Color": {
    "Green Component": 0.9137254901960784,
    "Blue Component": 0.99215686274509807,
    "Red Component": 0.54509803921568623
  },
  "Ansi 2 Color": {
    "Green Component": 0.98039215686274506,
    "Blue Component": 0.4823529411764706,
    "Red Component": 0.31372549019607843
  },
  "Send Code When Idle": false,
  "ASCII Anti Aliased": true,
  "Tags": [],
  "Ansi 9 Color": {
    "Green Component": 0.33333333333333331,
    "Blue Component": 0.33333333333333331,
    "Red Component": 1
  },
  "Use Bold Font": true,
  "Silence Bell": false,
  "Ansi 12 Color": {
    "Green Component": 0.57647058823529407,
    "Blue Component": 0.97647058823529409,
    "Red Component": 0.74117647058823533
  },
  "Window Type": 10,
  "Use Bright Bold": true,
  "Cursor Text Color": {
    "Green Component": 1,
    "Blue Component": 1,
    "Red Component": 1
  },
  "Default Bookmark": "No",
  "Cursor Color": {
    "Green Component": 0.73333334922790527,
    "Blue Component": 0.73333334922790527,
    "Red Component": 0.73333334922790527
  },
  "Ansi 1 Color": {
    "Green Component": 0.3333333432674408,
    "Blue Component": 0.3333333432674408,
    "Red Component": 1
  },
  "Name": "MyProfile",
  "Blinking Cursor": false,
  "Guid": "9EE2C663-7A15-42DE-B4CF-C5BF9F3238B0",
  "Idle Code": 0,
  "Ansi 10 Color": {
    "Green Component": 0.98039215686274506,
    "Blue Component": 0.4823529411764706,
    "Red Component": 0.31372549019607843
  },
  "Ansi 8 Color": {
    "Green Component": 0.33333333333333331,
    "Blue Component": 0.33333333333333331,
    "Red Component": 0.33333333333333331
  },
  "Badge Color": {
    "Red Component": 1,
    "Color Space": "sRGB",
    "Blue Component": 0,
    "Alpha Component": 0.5,
    "Green Component": 0.1491314172744751
  },
  "Ambiguous Double Width": false,
  "Blur Radius": 8.4528791243654808,
  "Cursor Type": 2,
  "Ansi 0 Color": {
    "Green Component": 0,
    "Blue Component": 0,
    "Red Component": 0
  },
  "AWDS Pane Directory": "",
  "Blur": false,
  "Vertical Spacing": 1,
  "Normal Font": "HackGen35ConsoleNF-Regular 16",
  "Ansi 7 Color": {
    "Green Component": 0.73333334922790527,
    "Blue Component": 0.73333334922790527,
    "Red Component": 0.73333334922790527
  },
  "Space": 0,
  "AWDS Tab Directory": "",
  "AWDS Pane Option": "No",
  "Command": "/opt/homebrew/bin/fish",
  "Terminal Type": "xterm-256color",
  "Horizontal Spacing": 1,
  "Option Key Sends": 2,
  "Ansi 15 Color": {
    "Green Component": 1,
    "Blue Component": 1,
    "Red Component": 1
  },
  "Ansi 6 Color": {
    "Green Component": 0.9137254901960784,
    "Blue Component": 0.99215686274509807,
    "Red Component": 0.54509803921568623
  },
  "Transparency": 0,
  "Background Color": {
    "Green Component": 0.12215272337198257,
    "Blue Component": 0.15977837145328522,
    "Red Component": 0.11765811592340469
  },
  "Screen": -1,
  "AWDS Window Option": "Recycle",
  "Initial Use Transparency": false,
  "Bound Hosts": [],
  "Non Ascii Font": "HackGen35ConsoleNF-Regular 12",
  "Ansi 13 Color": {
    "Green Component": 0.47450980392156861,
    "Blue Component": 0.77647058823529413,
    "Red Component": 1
  },
  "Columns": 200,
  "Visual Bell": true,
  "Custom Directory": "Recycle",
  "Ansi 5 Color": {
    "Green Component": 0.47450980392156861,
    "Blue Component": 0.77647058823529413,
    "Red Component": 1
  },
  "ASCII Ligatures": false
}
